<?xml version='1.0' encoding='UTF-8'?>

<!-- =========== FULL CONFIGURATION FILE ================================== -->

<faces-config version="2.1"
              xmlns="http://java.sun.com/xml/ns/javaee"
              xmlns:xsi="http://www.w3.org/2001/XMLSchema-instance"
              xsi:schemaLocation="http://java.sun.com/xml/ns/javaee http://java.sun.com/xml/ns/javaee/web-facesconfig_2_1.xsd">

     <navigation-rule>
        <from-view-id>/index.xhtml</from-view-id>
        <navigation-case>
            <from-outcome>login</from-outcome>
            <to-view-id>/login.xhtml</to-view-id>
            <redirect></redirect>
        </navigation-case>
         <navigation-case>
             <from-outcome>case1</from-outcome>
             <to-view-id>/registration.xhtml</to-view-id>
         </navigation-case>
     </navigation-rule>
    <navigation-rule>
        <from-view-id>/login.xhtml</from-view-id>
        <navigation-case>
            <from-outcome>user</from-outcome>
            <to-view-id>/users/user.xhtml</to-view-id>
            <redirect></redirect>
        </navigation-case>
        <navigation-case>
            <from-outcome>admin</from-outcome>
            <to-view-id>/admins/admin.xhtml</to-view-id>
            <redirect></redirect>
        </navigation-case>
        
        <navigation-case>
            <from-outcome>error</from-outcome>
            <to-view-id>/error.xhtml</to-view-id>
        </navigation-case>
        <navigation-case>
            <from-outcome>notactivate</from-outcome>
            <to-view-id>/notactivate.xhtml</to-view-id>
        </navigation-case>
        
    </navigation-rule>
    
    <navigation-rule>
        <from-view-id>/users/user.xhtml</from-view-id>
        <navigation-case>
            <from-outcome>index</from-outcome>
            <to-view-id>/index.xhtml</to-view-id>
            <redirect></redirect>
        </navigation-case>
        <navigation-case>
            <from-outcome>case1</from-outcome>
            <to-view-id>/users/requestpay.xhtml</to-view-id>
        </navigation-case>
        <navigation-case>
            <from-outcome>case2</from-outcome>
            <to-view-id>/users/Requpaynotifications.xhtml</to-view-id>
        </navigation-case>
        <navigation-case>
            <from-outcome>case3</from-outcome>
            <to-view-id>/users/mytransaction.xhtml</to-view-id>
        </navigation-case>
        <navigation-case>
            <from-outcome>case5</from-outcome>
            <to-view-id>/users/newpayment.xhtml</to-view-id>
        </navigation-case>
    </navigation-rule>
    <navigation-rule>
        <from-view-id>/admins/admin.xhtml</from-view-id>
        <navigation-case>
            <from-outcome>index</from-outcome>
            <to-view-id>/index.xhtml</to-view-id>
            <redirect></redirect>
        </navigation-case>
        <navigation-case>
            <from-outcome>case1</from-outcome>
            <to-view-id>/admins/activateusers.xhtml</to-view-id>
        </navigation-case>
        <navigation-case>
            <from-outcome>case2</from-outcome>
            <to-view-id>/admins/createadmin.xhtml</to-view-id>
        </navigation-case>
        <navigation-case>
            <from-outcome>case3</from-outcome>
            <to-view-id>/admins/showtransactions.xhtml</to-view-id>
        </navigation-case>
    </navigation-rule>
    <navigation-rule>
        <from-view-id>/users/requestpay.xhtml</from-view-id>
        <navigation-case>
            <from-outcome>index</from-outcome>
            <to-view-id>/index.xhtml</to-view-id>
        </navigation-case>
    </navigation-rule>
    <navigation-rule>
        <from-view-id>/users/Requpaynotifications.xhtml</from-view-id>
        <navigation-case>
            <from-outcome>index</from-outcome>
            <to-view-id>/index.xhtml</to-view-id>
        </navigation-case>
    </navigation-rule>
    <navigation-rule>
        <from-view-id>/users/newpayment.xhtml</from-view-id>
        <navigation-case>
            <from-outcome>index</from-outcome>
            <to-view-id>/index.xhtml</to-view-id>
        </navigation-case>
    </navigation-rule>
    <navigation-rule>
        <from-view-id>/users/mytransaction.xhtml</from-view-id>
        <navigation-case>
            <from-outcome>index</from-outcome>
            <to-view-id>/index.xhtml</to-view-id>
        </navigation-case>
    </navigation-rule>
    <navigation-rule>
        <from-view-id>/admins/showtransactions.xhtml</from-view-id>
        <navigation-case>
            <from-outcome>index</from-outcome>
            <to-view-id>/index.xhtml</to-view-id>
        </navigation-case>
    </navigation-rule>
    <navigation-rule>
        <from-view-id>/admins/createadmin.xhtml</from-view-id>
        <navigation-case>
            <from-outcome>index</from-outcome>
            <to-view-id>/index.xhtml</to-view-id>
        </navigation-case>
    </navigation-rule>
    <navigation-rule>
        <from-view-id>/admins/activateusers.xhtml</from-view-id>
        <navigation-case>
            <from-outcome>index</from-outcome>
            <to-view-id>/index.xhtml</to-view-id>
        </navigation-case>
    </navigation-rule>
</faces-config>
